{
    "users":[
        {
            "id":222,
            "name":"rahul",
            "email": "hector@gmail.com"
        },
        {   
            "id":223,
            "name":"ganesh",
            "email": "vector@gmail.com"
        },
        {   
            "id":224,
            "name":"niranjan",
            "email": "pector@gmail.com"
        },
        {   
            "id":225,
            "name":"preethi",
            "email": "dector@gmail.com"
        }
    ]
}